...1,family,genus,species,binomial,1-1_ActivityCycle,abm_g,,,,,,,,,,,,,,,,,,,,,,,,,,,,,,,,,,,,,,,,,,,,
Chiroptera,Vespertilionidae,Eptesicus,kobayashii,Eptesicus kobayashii,-999,-999,,,,,,,,,,,,,,,,,,,,,,,,,,,,,,,,,,,,,,,,,,,,
Chiroptera,Vespertilionidae,Eptesicus,tatei,Eptesicus tatei,-999,-999,,,,,,,,,,,,,,,,,,,,,,,,,,,,,,,,,,,,,,,,,,,,
Chiroptera,Vespertilionidae,Chalinolobus,dwyeri,Chalinolobus dwyeri,-999,8.74,,,,,,,,,,,,,,,,,,,,,,,,,,,,,,,,,,,,,,,,,,,,
Chiroptera,Vespertilionidae,Chalinolobus,gouldii,Chalinolobus gouldii,-999,14.24,,,,,,,,,,,,,,,,,,,,,,,,,,,,,,,,,,,,,,,,,,,,
Chiroptera,Vespertilionidae,Chalinolobus,morio,Chalinolobus morio,-999,8.91,,,,,,,,,,,,,,,,,,,,,,,,,,,,,,,,,,,,,,,,,,,,
Chiroptera,Vespertilionidae,Chalinolobus,neocaledonicus,Chalinolobus neocaledonicus,-999,-999,,,,,,,,,,,,,,,,,,,,,,,,,,,,,,,,,,,,,,,,,,,,
Chiroptera,Vespertilionidae,Hesperoptenus,doriae,Hesperoptenus doriae,-999,-999,,,,,,,,,,,,,,,,,,,,,,,,,,,,,,,,,,,,,,,,,,,,
Chiroptera,Vespertilionidae,Hesperoptenus,gaskelli,Hesperoptenus gaskelli,-999,-999,,,,,,,,,,,,,,,,,,,,,,,,,,,,,,,,,,,,,,,,,,,,
Chiroptera,Vespertilionidae,Hesperoptenus,tickelli,Hesperoptenus tickelli,-999,16.3,,,,,,,,,,,,,,,,,,,,,,,,,,,,,,,,,,,,,,,,,,,,
Chiroptera,Vespertilionidae,Hesperoptenus,tomesi,Hesperoptenus tomesi,-999,-999,,,,,,,,,,,,,,,,,,,,,,,,,,,,,,,,,,,,,,,,,,,,
Chiroptera,Vespertilionidae,Barbastella,barbastellus,Barbastella barbastellus,-999,8.31,,,,,,,,,,,,,,,,,,,,,,,,,,,,,,,,,,,,,,,,,,,,
Chiroptera,Vespertilionidae,Barbastella,leucomelas,Barbastella leucomelas,-999,15.05,,,,,,,,,,,,,,,,,,,,,,,,,,,,,,,,,,,,,,,,,,,,
Chiroptera,Vespertilionidae,Bauerus,dubiaquercus,Bauerus dubiaquercus,-999,22.22,,,,,,,,,,,,,,,,,,,,,,,,,,,,,,,,,,,,,,,,,,,,
Chiroptera,Vespertilionidae,Chalinolobus,nigrogriseus,Chalinolobus nigrogriseus,-999,8.79,,,,,,,,,,,,,,,,,,,,,,,,,,,,,,,,,,,,,,,,,,,,
Chiroptera,Vespertilionidae,Chalinolobus,picatus,Chalinolobus picatus,-999,-999,,,,,,,,,,,,,,,,,,,,,,,,,,,,,,,,,,,,,,,,,,,,
Chiroptera,Vespertilionidae,Chalinolobus,tuberculatus,Chalinolobus tuberculatus,2,-999,,,,,,,,,,,,,,,,,,,,,,,,,,,,,,,,,,,,,,,,,,,,
Chiroptera,Vespertilionidae,Cistugo,lesueuri,Cistugo lesueuri,-999,-999,,,,,,,,,,,,,,,,,,,,,,,,,,,,,,,,,,,,,,,,,,,,
Chiroptera,Vespertilionidae,Cistugo,seabrae,Cistugo seabrae,-999,-999,,,,,,,,,,,,,,,,,,,,,,,,,,,,,,,,,,,,,,,,,,,,
Chiroptera,Vespertilionidae,Corynorhinus,mexicanus,Corynorhinus mexicanus,-999,-999,,,,,,,,,,,,,,,,,,,,,,,,,,,,,,,,,,,,,,,,,,,,
Chiroptera,Vespertilionidae,Corynorhinus,rafinesquii,Corynorhinus rafinesquii,-999,9.15,,,,,,,,,,,,,,,,,,,,,,,,,,,,,,,,,,,,,,,,,,,,
Chiroptera,Vespertilionidae,Corynorhinus,townsendii,Corynorhinus townsendii,-999,10.3,,,,,,,,,,,,,,,,,,,,,,,,,,,,,,,,,,,,,,,,,,,,
Chiroptera,Vespertilionidae,Eptesicus,japonensis,Eptesicus japonensis,-999,-999,,,,,,,,,,,,,,,,,,,,,,,,,,,,,,,,,,,,,,,,,,,,
Chiroptera,Vespertilionidae,Eptesicus,andinus,Eptesicus andinus,-999,-999,,,,,,,,,,,,,,,,,,,,,,,,,,,,,,,,,,,,,,,,,,,,
Chiroptera,Vespertilionidae,Eptesicus,bobrinskoi,Eptesicus bobrinskoi,-999,7.54,,,,,,,,,,,,,,,,,,,,,,,,,,,,,,,,,,,,,,,,,,,,
Chiroptera,Vespertilionidae,Eptesicus,bottae,Eptesicus bottae,-999,15.66,,,,,,,,,,,,,,,,,,,,,,,,,,,,,,,,,,,,,,,,,,,,
Chiroptera,Vespertilionidae,Eptesicus,brasiliensis,Eptesicus brasiliensis,-999,9.2,,,,,,,,,,,,,,,,,,,,,,,,,,,,,,,,,,,,,,,,,,,,
Chiroptera,Vespertilionidae,Eptesicus,chiriquinus,Eptesicus chiriquinus,-999,-999,,,,,,,,,,,,,,,,,,,,,,,,,,,,,,,,,,,,,,,,,,,,
Chiroptera,Vespertilionidae,Eptesicus,diminutus,Eptesicus diminutus,-999,5.99,,,,,,,,,,,,,,,,,,,,,,,,,,,,,,,,,,,,,,,,,,,,
Chiroptera,Vespertilionidae,Eptesicus,dimissus,Eptesicus dimissus,-999,13.03,,,,,,,,,,,,,,,,,,,,,,,,,,,,,,,,,,,,,,,,,,,,
Chiroptera,Vespertilionidae,Eptesicus,floweri,Eptesicus floweri,-999,-999,,,,,,,,,,,,,,,,,,,,,,,,,,,,,,,,,,,,,,,,,,,,
Chiroptera,Vespertilionidae,Eptesicus,furinalis,Eptesicus furinalis,-999,7.7,,,,,,,,,,,,,,,,,,,,,,,,,,,,,,,,,,,,,,,,,,,,
Chiroptera,Vespertilionidae,Eptesicus,fuscus,Eptesicus fuscus,-999,17.49,,,,,,,,,,,,,,,,,,,,,,,,,,,,,,,,,,,,,,,,,,,,
Chiroptera,Vespertilionidae,Eptesicus,gobiensis,Eptesicus gobiensis,-999,-999,,,,,,,,,,,,,,,,,,,,,,,,,,,,,,,,,,,,,,,,,,,,
Chiroptera,Vespertilionidae,Eptesicus,guadeloupensis,Eptesicus guadeloupensis,-999,-999,,,,,,,,,,,,,,,,,,,,,,,,,,,,,,,,,,,,,,,,,,,,
Chiroptera,Vespertilionidae,Eptesicus,hottentotus,Eptesicus hottentotus,-999,30.33,,,,,,,,,,,,,,,,,,,,,,,,,,,,,,,,,,,,,,,,,,,,
Chiroptera,Vespertilionidae,Eptesicus,innoxius,Eptesicus innoxius,-999,-999,,,,,,,,,,,,,,,,,,,,,,,,,,,,,,,,,,,,,,,,,,,,
Chiroptera,Vespertilionidae,Euderma,maculatum,Euderma maculatum,-999,16.17,,,,,,,,,,,,,,,,,,,,,,,,,,,,,,,,,,,,,,,,,,,,
Chiroptera,Vespertilionidae,Eudiscopus,denticulus,Eudiscopus denticulus,-999,-999,,,,,,,,,,,,,,,,,,,,,,,,,,,,,,,,,,,,,,,,,,,,
Chiroptera,Vespertilionidae,Falsistrellus,affinis,Falsistrellus affinis,-999,-999,,,,,,,,,,,,,,,,,,,,,,,,,,,,,,,,,,,,,,,,,,,,
Chiroptera,Vespertilionidae,Falsistrellus,mackenziei,Falsistrellus mackenziei,-999,23,,,,,,,,,,,,,,,,,,,,,,,,,,,,,,,,,,,,,,,,,,,,
Chiroptera,Vespertilionidae,Falsistrellus,mordax,Falsistrellus mordax,-999,-999,,,,,,,,,,,,,,,,,,,,,,,,,,,,,,,,,,,,,,,,,,,,
Chiroptera,Vespertilionidae,Falsistrellus,petersi,Falsistrellus petersi,-999,-999,,,,,,,,,,,,,,,,,,,,,,,,,,,,,,,,,,,,,,,,,,,,
Chiroptera,Vespertilionidae,Falsistrellus,tasmaniensis,Falsistrellus tasmaniensis,-999,22.54,,,,,,,,,,,,,,,,,,,,,,,,,,,,,,,,,,,,,,,,,,,,
Chiroptera,Vespertilionidae,Harpiocephalus,harpia,Harpiocephalus harpia,-999,13.65,,,,,,,,,,,,,,,,,,,,,,,,,,,,,,,,,,,,,,,,,,,,
Chiroptera,Vespertilionidae,Harpiocephalus,mordax,Harpiocephalus mordax,-999,-999,,,,,,,,,,,,,,,,,,,,,,,,,,,,,,,,,,,,,,,,,,,,
Chiroptera,Vespertilionidae,Glauconycteris,alboguttata,Glauconycteris alboguttata,-999,-999,,,,,,,,,,,,,,,,,,,,,,,,,,,,,,,,,,,,,,,,,,,,
Chiroptera,Vespertilionidae,Glauconycteris,argentata,Glauconycteris argentata,-999,9.3,,,,,,,,,,,,,,,,,,,,,,,,,,,,,,,,,,,,,,,,,,,,
Chiroptera,Vespertilionidae,Glauconycteris,beatrix,Glauconycteris beatrix,-999,7.5,,,,,,,,,,,,,,,,,,,,,,,,,,,,,,,,,,,,,,,,,,,,
Chiroptera,Vespertilionidae,Glauconycteris,curryae,Glauconycteris curryae,-999,-999,,,,,,,,,,,,,,,,,,,,,,,,,,,,,,,,,,,,,,,,,,,,
Chiroptera,Vespertilionidae,Glauconycteris,egeria,Glauconycteris egeria,-999,-999,,,,,,,,,,,,,,,,,,,,,,,,,,,,,,,,,,,,,,,,,,,,
Chiroptera,Vespertilionidae,Glauconycteris,gleni,Glauconycteris gleni,-999,10.81,,,,,,,,,,,,,,,,,,,,,,,,,,,,,,,,,,,,,,,,,,,,
Chiroptera,Vespertilionidae,Glauconycteris,humeralis,Glauconycteris humeralis,-999,5.49,,,,,,,,,,,,,,,,,,,,,,,,,,,,,,,,,,,,,,,,,,,,
Chiroptera,Vespertilionidae,Glauconycteris,kenyacola,Glauconycteris kenyacola,-999,7.17,,,,,,,,,,,,,,,,,,,,,,,,,,,,,,,,,,,,,,,,,,,,
Chiroptera,Vespertilionidae,Glauconycteris,machadoi,Glauconycteris machadoi,-999,-999,,,,,,,,,,,,,,,,,,,,,,,,,,,,,,,,,,,,,,,,,,,,
Chiroptera,Vespertilionidae,Glauconycteris,poensis,Glauconycteris poensis,-999,6.91,,,,,,,,,,,,,,,,,,,,,,,,,,,,,,,,,,,,,,,,,,,,
Chiroptera,Vespertilionidae,Glauconycteris,superba,Glauconycteris superba,-999,-999,,,,,,,,,,,,,,,,,,,,,,,,,,,,,,,,,,,,,,,,,,,,
Chiroptera,Vespertilionidae,Glauconycteris,variegata,Glauconycteris variegata,-999,11.25,,,,,,,,,,,,,,,,,,,,,,,,,,,,,,,,,,,,,,,,,,,,
Chiroptera,Vespertilionidae,Glischropus,javanus,Glischropus javanus,-999,-999,,,,,,,,,,,,,,,,,,,,,,,,,,,,,,,,,,,,,,,,,,,,
Chiroptera,Vespertilionidae,Glischropus,tylopus,Glischropus tylopus,-999,4.59,,,,,,,,,,,,,,,,,,,,,,,,,,,,,,,,,,,,,,,,,,,,
Chiroptera,Vespertilionidae,Kerivoula,africana,Kerivoula africana,-999,-999,,,,,,,,,,,,,,,,,,,,,,,,,,,,,,,,,,,,,,,,,,,,
Chiroptera,Vespertilionidae,Kerivoula,agnella,Kerivoula agnella,-999,-999,,,,,,,,,,,,,,,,,,,,,,,,,,,,,,,,,,,,,,,,,,,,
Chiroptera,Vespertilionidae,Kerivoula,argentata,Kerivoula argentata,-999,10.11,,,,,,,,,,,,,,,,,,,,,,,,,,,,,,,,,,,,,,,,,,,,
Chiroptera,Vespertilionidae,Kerivoula,cuprosa,Kerivoula cuprosa,-999,-999,,,,,,,,,,,,,,,,,,,,,,,,,,,,,,,,,,,,,,,,,,,,
Chiroptera,Vespertilionidae,Histiotus,alienus,Histiotus alienus,-999,-999,,,,,,,,,,,,,,,,,,,,,,,,,,,,,,,,,,,,,,,,,,,,
Chiroptera,Vespertilionidae,Histiotus,humboldti,Histiotus humboldti,-999,-999,,,,,,,,,,,,,,,,,,,,,,,,,,,,,,,,,,,,,,,,,,,,
Chiroptera,Vespertilionidae,Histiotus,laephotis,Histiotus laephotis,-999,-999,,,,,,,,,,,,,,,,,,,,,,,,,,,,,,,,,,,,,,,,,,,,
Chiroptera,Vespertilionidae,Histiotus,macrotus,Histiotus macrotus,-999,11,,,,,,,,,,,,,,,,,,,,,,,,,,,,,,,,,,,,,,,,,,,,
Chiroptera,Vespertilionidae,Histiotus,magellanicus,Histiotus magellanicus,-999,-999,,,,,,,,,,,,,,,,,,,,,,,,,,,,,,,,,,,,,,,,,,,,
Chiroptera,Vespertilionidae,Histiotus,montanus,Histiotus montanus,-999,-999,,,,,,,,,,,,,,,,,,,,,,,,,,,,,,,,,,,,,,,,,,,,
Chiroptera,Vespertilionidae,Histiotus,velatus,Histiotus velatus,-999,11.32,,,,,,,,,,,,,,,,,,,,,,,,,,,,,,,,,,,,,,,,,,,,
Chiroptera,Vespertilionidae,Hesperoptenus,blanfordi,Hesperoptenus blanfordi,-999,6.91,,,,,,,,,,,,,,,,,,,,,,,,,,,,,,,,,,,,,,,,,,,,
Chiroptera,Vespertilionidae,Lasionycteris,noctivagans,Lasionycteris noctivagans,-999,11.02,,,,,,,,,,,,,,,,,,,,,,,,,,,,,,,,,,,,,,,,,,,,
Chiroptera,Vespertilionidae,Lasiurus,borealis,Lasiurus borealis,-999,12.33,,,,,,,,,,,,,,,,,,,,,,,,,,,,,,,,,,,,,,,,,,,,
Chiroptera,Vespertilionidae,Lasiurus,castaneus,Lasiurus castaneus,-999,12.51,,,,,,,,,,,,,,,,,,,,,,,,,,,,,,,,,,,,,,,,,,,,
Chiroptera,Vespertilionidae,Lasiurus,cinereus,Lasiurus cinereus,-999,27.06,,,,,,,,,,,,,,,,,,,,,,,,,,,,,,,,,,,,,,,,,,,,
Chiroptera,Vespertilionidae,Lasiurus,degelidus,Lasiurus degelidus,-999,-999,,,,,,,,,,,,,,,,,,,,,,,,,,,,,,,,,,,,,,,,,,,,
Chiroptera,Vespertilionidae,Lasiurus,ebenus,Lasiurus ebenus,-999,14,,,,,,,,,,,,,,,,,,,,,,,,,,,,,,,,,,,,,,,,,,,,
Chiroptera,Vespertilionidae,Lasiurus,ega,Lasiurus ega,-999,12.2,,,,,,,,,,,,,,,,,,,,,,,,,,,,,,,,,,,,,,,,,,,,
Chiroptera,Vespertilionidae,Lasiurus,egregius,Lasiurus egregius,-999,-999,,,,,,,,,,,,,,,,,,,,,,,,,,,,,,,,,,,,,,,,,,,,
Chiroptera,Vespertilionidae,Lasiurus,insularis,Lasiurus insularis,-999,-999,,,,,,,,,,,,,,,,,,,,,,,,,,,,,,,,,,,,,,,,,,,,
Chiroptera,Vespertilionidae,Lasiurus,intermedius,Lasiurus intermedius,-999,22.96,,,,,,,,,,,,,,,,,,,,,,,,,,,,,,,,,,,,,,,,,,,,
Chiroptera,Vespertilionidae,Lasiurus,minor,Lasiurus minor,-999,-999,,,,,,,,,,,,,,,,,,,,,,,,,,,,,,,,,,,,,,,,,,,,
Chiroptera,Vespertilionidae,Lasiurus,pfeifferi,Lasiurus pfeifferi,-999,-999,,,,,,,,,,,,,,,,,,,,,,,,,,,,,,,,,,,,,,,,,,,,
Soricomorpha,Soricidae,Crocidura,aleksandrisi,Crocidura aleksandrisi,-999,-999,,,,,,,,,,,,,,,,,,,,,,,,,,,,,,,,,,,,,,,,,,,,
Soricomorpha,Soricidae,Crocidura,allex,Crocidura allex,-999,-999,,,,,,,,,,,,,,,,,,,,,,,,,,,,,,,,,,,,,,,,,,,,
Soricomorpha,Soricidae,Crocidura,andamanensis,Crocidura andamanensis,-999,-999,,,,,,,,,,,,,,,,,,,,,,,,,,,,,,,,,,,,,,,,,,,,
Soricomorpha,Soricidae,Crocidura,ansellorum,Crocidura ansellorum,-999,-999,,,,,,,,,,,,,,,,,,,,,,,,,,,,,,,,,,,,,,,,,,,,
Soricomorpha,Soricidae,Crocidura,arabica,Crocidura arabica,-999,-999,,,,,,,,,,,,,,,,,,,,,,,,,,,,,,,,,,,,,,,,,,,,
Soricomorpha,Soricidae,Crocidura,arispa,Crocidura arispa,-999,-999,,,,,,,,,,,,,,,,,,,,,,,,,,,,,,,,,,,,,,,,,,,,
Soricomorpha,Soricidae,Crocidura,armenica,Crocidura armenica,-999,-999,,,,,,,,,,,,,,,,,,,,,,,,,,,,,,,,,,,,,,,,,,,,
Soricomorpha,Soricidae,Crocidura,attenuata,Crocidura attenuata,-999,-999,,,,,,,,,,,,,,,,,,,,,,,,,,,,,,,,,,,,,,,,,,,,
Soricomorpha,Soricidae,Crocidura,attila,Crocidura attila,-999,-999,,,,,,,,,,,,,,,,,,,,,,,,,,,,,,,,,,,,,,,,,,,,
Soricomorpha,Soricidae,Crocidura,baileyi,Crocidura baileyi,-999,-999,,,,,,,,,,,,,,,,,,,,,,,,,,,,,,,,,,,,,,,,,,,,
Soricomorpha,Soricidae,Crocidura,baluensis,Crocidura baluensis,-999,-999,,,,,,,,,,,,,,,,,,,,,,,,,,,,,,,,,,,,,,,,,,,,
Soricomorpha,Soricidae,Crocidura,batesi,Crocidura batesi,-999,16.49,,,,,,,,,,,,,,,,,,,,,,,,,,,,,,,,,,,,,,,,,,,,
Soricomorpha,Soricidae,Crocidura,beatus,Crocidura beatus,-999,10.55,,,,,,,,,,,,,,,,,,,,,,,,,,,,,,,,,,,,,,,,,,,,
Soricomorpha,Soricidae,Crocidura,beccarii,Crocidura beccarii,-999,-999,,,,,,,,,,,,,,,,,,,,,,,,,,,,,,,,,,,,,,,,,,,,
Soricomorpha,Soricidae,Crocidura,bottegi,Crocidura bottegi,-999,3.49,,,,,,,,,,,,,,,,,,,,,,,,,,,,,,,,,,,,,,,,,,,,
Soricomorpha,Soricidae,Crocidura,bottegoides,Crocidura bottegoides,-999,-999,,,,,,,,,,,,,,,,,,,,,,,,,,,,,,,,,,,,,,,,,,,,
Soricomorpha,Soricidae,Crocidura,brunnea,Crocidura brunnea,-999,-999,,,,,,,,,,,,,,,,,,,,,,,,,,,,,,,,,,,,,,,,,,,,
Soricomorpha,Soricidae,Crocidura,buettikoferi,Crocidura buettikoferi,-999,-999,,,,,,,,,,,,,,,,,,,,,,,,,,,,,,,,,,,,,,,,,,,,
Soricomorpha,Soricidae,Crocidura,caliginea,Crocidura caliginea,-999,-999,,,,,,,,,,,,,,,,,,,,,,,,,,,,,,,,,,,,,,,,,,,,
Soricomorpha,Soricidae,Crocidura,canariensis,Crocidura canariensis,-999,7.5,,,,,,,,,,,,,,,,,,,,,,,,,,,,,,,,,,,,,,,,,,,,
Soricomorpha,Soricidae,Crocidura,caspica,Crocidura caspica,-999,-999,,,,,,,,,,,,,,,,,,,,,,,,,,,,,,,,,,,,,,,,,,,,
Soricomorpha,Soricidae,Crocidura,cinderella,Crocidura cinderella,-999,-999,,,,,,,,,,,,,,,,,,,,,,,,,,,,,,,,,,,,,,,,,,,,
Soricomorpha,Soricidae,Crocidura,congobelgica,Crocidura congobelgica,-999,-999,,,,,,,,,,,,,,,,,,,,,,,,,,,,,,,,,,,,,,,,,,,,
Soricomorpha,Soricidae,Crocidura,crenata,Crocidura crenata,-999,-999,,,,,,,,,,,,,,,,,,,,,,,,,,,,,,,,,,,,,,,,,,,,
Soricomorpha,Soricidae,Crocidura,crossei,Crocidura crossei,-999,8,,,,,,,,,,,,,,,,,,,,,,,,,,,,,,,,,,,,,,,,,,,,
Soricomorpha,Soricidae,Crocidura,cyanea,Crocidura cyanea,2,8.58,,,,,,,,,,,,,,,,,,,,,,,,,,,,,,,,,,,,,,,,,,,,
Soricomorpha,Soricidae,Crocidura,denti,Crocidura denti,-999,-999,,,,,,,,,,,,,,,,,,,,,,,,,,,,,,,,,,,,,,,,,,,,
Soricomorpha,Soricidae,Crocidura,desperata,Crocidura desperata,-999,-999,,,,,,,,,,,,,,,,,,,,,,,,,,,,,,,,,,,,,,,,,,,,
Soricomorpha,Soricidae,Crocidura,dhofarensis,Crocidura dhofarensis,-999,-999,,,,,,,,,,,,,,,,,,,,,,,,,,,,,,,,,,,,,,,,,,,,
Soricomorpha,Soricidae,Crocidura,dolichura,Crocidura dolichura,-999,5.63,,,,,,,,,,,,,,,,,,,,,,,,,,,,,,,,,,,,,,,,,,,,
Soricomorpha,Soricidae,Crocidura,douceti,Crocidura douceti,-999,4.3,,,,,,,,,,,,,,,,,,,,,,,,,,,,,,,,,,,,,,,,,,,,
Soricomorpha,Soricidae,Crocidura,dsinezumi,Crocidura dsinezumi,-999,-999,,,,,,,,,,,,,,,,,,,,,,,,,,,,,,,,,,,,,,,,,,,,
Soricomorpha,Soricidae,Crocidura,eisentrauti,Crocidura eisentrauti,-999,-999,,,,,,,,,,,,,,,,,,,,,,,,,,,,,,,,,,,,,,,,,,,,
Soricomorpha,Soricidae,Crocidura,elgonius,Crocidura elgonius,-999,6.5,,,,,,,,,,,,,,,,,,,,,,,,,,,,,,,,,,,,,,,,,,,,
Soricomorpha,Soricidae,Crocidura,elongata,Crocidura elongata,-999,-999,,,,,,,,,,,,,,,,,,,,,,,,,,,,,,,,,,,,,,,,,,,,
Soricomorpha,Soricidae,Crocidura,erica,Crocidura erica,-999,-999,,,,,,,,,,,,,,,,,,,,,,,,,,,,,,,,,,,,,,,,,,,,
Soricomorpha,Soricidae,Crocidura,fischeri,Crocidura fischeri,-999,-999,,,,,,,,,,,,,,,,,,,,,,,,,,,,,,,,,,,,,,,,,,,,
Soricomorpha,Soricidae,Crocidura,flavescens,Crocidura flavescens,2,31.22,,,,,,,,,,,,,,,,,,,,,,,,,,,,,,,,,,,,,,,,,,,,
Soricomorpha,Soricidae,Crocidura,floweri,Crocidura floweri,-999,-999,,,,,,,,,,,,,,,,,,,,,,,,,,,,,,,,,,,,,,,,,,,,
Soricomorpha,Soricidae,Crocidura,foetida,Crocidura foetida,-999,-999,,,,,,,,,,,,,,,,,,,,,,,,,,,,,,,,,,,,,,,,,,,,
Soricomorpha,Soricidae,Crocidura,foxi,Crocidura foxi,-999,21,,,,,,,,,,,,,,,,,,,,,,,,,,,,,,,,,,,,,,,,,,,,
Soricomorpha,Soricidae,Crocidura,fuliginosa,Crocidura fuliginosa,-999,12,,,,,,,,,,,,,,,,,,,,,,,,,,,,,,,,,,,,,,,,,,,,
Soricomorpha,Soricidae,Crocidura,fulvastra,Crocidura fulvastra,-999,10,,,,,,,,,,,,,,,,,,,,,,,,,,,,,,,,,,,,,,,,,,,,
Soricomorpha,Soricidae,Crocidura,fumosa,Crocidura fumosa,-999,14.49,,,,,,,,,,,,,,,,,,,,,,,,,,,,,,,,,,,,,,,,,,,,
Soricomorpha,Soricidae,Crocidura,fuscomurina,Crocidura fuscomurina,2,5.6,,,,,,,,,,,,,,,,,,,,,,,,,,,,,,,,,,,,,,,,,,,,
Soricomorpha,Soricidae,Crocidura,glassi,Crocidura glassi,-999,-999,,,,,,,,,,,,,,,,,,,,,,,,,,,,,,,,,,,,,,,,,,,,
Soricomorpha,Soricidae,Crocidura,gmelini,Crocidura gmelini,-999,-999,,,,,,,,,,,,,,,,,,,,,,,,,,,,,,,,,,,,,,,,,,,,
Soricomorpha,Soricidae,Crocidura,goliath,Crocidura goliath,-999,87.92,,,,,,,,,,,,,,,,,,,,,,,,,,,,,,,,,,,,,,,,,,,,
Soricomorpha,Soricidae,Crocidura,gracilipes,Crocidura gracilipes,-999,6.69,,,,,,,,,,,,,,,,,,,,,,,,,,,,,,,,,,,,,,,,,,,,
Soricomorpha,Soricidae,Crocidura,grandiceps,Crocidura grandiceps,-999,23,,,,,,,,,,,,,,,,,,,,,,,,,,,,,,,,,,,,,,,,,,,,
Soricomorpha,Soricidae,Crocidura,grandis,Crocidura grandis,-999,-999,,,,,,,,,,,,,,,,,,,,,,,,,,,,,,,,,,,,,,,,,,,,
Soricomorpha,Soricidae,Crocidura,grassei,Crocidura grassei,-999,-999,,,,,,,,,,,,,,,,,,,,,,,,,,,,,,,,,,,,,,,,,,,,
Soricomorpha,Soricidae,Crocidura,grayi,Crocidura grayi,-999,10.7,,,,,,,,,,,,,,,,,,,,,,,,,,,,,,,,,,,,,,,,,,,,
Soricomorpha,Soricidae,Crocidura,greenwoodi,Crocidura greenwoodi,-999,-999,,,,,,,,,,,,,,,,,,,,,,,,,,,,,,,,,,,,,,,,,,,,
Soricomorpha,Soricidae,Crocidura,harenna,Crocidura harenna,-999,-999,,,,,,,,,,,,,,,,,,,,,,,,,,,,,,,,,,,,,,,,,,,,
Soricomorpha,Soricidae,Crocidura,hildegardeae,Crocidura hildegardeae,-999,10.28,,,,,,,,,,,,,,,,,,,,,,,,,,,,,,,,,,,,,,,,,,,,
Soricomorpha,Soricidae,Crocidura,hilliana,Crocidura hilliana,-999,-999,,,,,,,,,,,,,,,,,,,,,,,,,,,,,,,,,,,,,,,,,,,,
Soricomorpha,Soricidae,Crocidura,hirta,Crocidura hirta,2,15.8,,,,,,,,,,,,,,,,,,,,,,,,,,,,,,,,,,,,,,,,,,,,
Soricomorpha,Soricidae,Crocidura,hispida,Crocidura hispida,-999,-999,,,,,,,,,,,,,,,,,,,,,,,,,,,,,,,,,,,,,,,,,,,,
Soricomorpha,Soricidae,Crocidura,orii,Crocidura orii,-999,-999,,,,,,,,,,,,,,,,,,,,,,,,,,,,,,,,,,,,,,,,,,,,
Soricomorpha,Soricidae,Crocidura,palawanensis,Crocidura palawanensis,-999,-999,,,,,,,,,,,,,,,,,,,,,,,,,,,,,,,,,,,,,,,,,,,,
Soricomorpha,Soricidae,Crocidura,paradoxura,Crocidura paradoxura,-999,-999,,,,,,,,,,,,,,,,,,,,,,,,,,,,,,,,,,,,,,,,,,,,
Soricomorpha,Soricidae,Crocidura,parvipes,Crocidura parvipes,-999,-999,,,,,,,,,,,,,,,,,,,,,,,,,,,,,,,,,,,,,,,,,,,,
Soricomorpha,Soricidae,Crocidura,pasha,Crocidura pasha,-999,6.5,,,,,,,,,,,,,,,,,,,,,,,,,,,,,,,,,,,,,,,,,,,,
Soricomorpha,Soricidae,Crocidura,pergrisea,Crocidura pergrisea,-999,-999,,,,,,,,,,,,,,,,,,,,,,,,,,,,,,,,,,,,,,,,,,,,
Soricomorpha,Soricidae,Crocidura,phaeura,Crocidura phaeura,-999,-999,,,,,,,,,,,,,,,,,,,,,,,,,,,,,,,,,,,,,,,,,,,,
Soricomorpha,Soricidae,Crocidura,picea,Crocidura picea,-999,-999,,,,,,,,,,,,,,,,,,,,,,,,,,,,,,,,,,,,,,,,,,,,
Soricomorpha,Soricidae,Crocidura,pitmani,Crocidura pitmani,-999,-999,,,,,,,,,,,,,,,,,,,,,,,,,,,,,,,,,,,,,,,,,,,,
Soricomorpha,Soricidae,Crocidura,planiceps,Crocidura planiceps,-999,2.5,,,,,,,,,,,,,,,,,,,,,,,,,,,,,,,,,,,,,,,,,,,,
Soricomorpha,Soricidae,Crocidura,poensis,Crocidura poensis,-999,17.05,,,,,,,,,,,,,,,,,,,,,,,,,,,,,,,,,,,,,,,,,,,,
Soricomorpha,Soricidae,Crocidura,polia,Crocidura polia,-999,-999,,,,,,,,,,,,,,,,,,,,,,,,,,,,,,,,,,,,,,,,,,,,
Soricomorpha,Soricidae,Crocidura,pullata,Crocidura pullata,-999,-999,,,,,,,,,,,,,,,,,,,,,,,,,,,,,,,,,,,,,,,,,,,,
Soricomorpha,Soricidae,Crocidura,raineyi,Crocidura raineyi,-999,14.49,,,,,,,,,,,,,,,,,,,,,,,,,,,,,,,,,,,,,,,,,,,,
Soricomorpha,Soricidae,Crocidura,ramona,Crocidura ramona,-999,-999,,,,,,,,,,,,,,,,,,,,,,,,,,,,,,,,,,,,,,,,,,,,
Soricomorpha,Soricidae,Crocidura,rapax,Crocidura rapax,-999,-999,,,,,,,,,,,,,,,,,,,,,,,,,,,,,,,,,,,,,,,,,,,,
Soricomorpha,Soricidae,Crocidura,religiosa,Crocidura religiosa,-999,7,,,,,,,,,,,,,,,,,,,,,,,,,,,,,,,,,,,,,,,,,,,,
Soricomorpha,Soricidae,Crocidura,rhoditis,Crocidura rhoditis,-999,-999,,,,,,,,,,,,,,,,,,,,,,,,,,,,,,,,,,,,,,,,,,,,
Soricomorpha,Soricidae,Crocidura,roosevelti,Crocidura roosevelti,-999,-999,,,,,,,,,,,,,,,,,,,,,,,,,,,,,,,,,,,,,,,,,,,,
Soricomorpha,Soricidae,Crocidura,russula,Crocidura russula,-999,9.89,,,,,,,,,,,,,,,,,,,,,,,,,,,,,,,,,,,,,,,,,,,,
Soricomorpha,Soricidae,Crocidura,selina,Crocidura selina,-999,-999,,,,,,,,,,,,,,,,,,,,,,,,,,,,,,,,,,,,,,,,,,,,
Soricomorpha,Soricidae,Crocidura,serezkyensis,Crocidura serezkyensis,-999,-999,,,,,,,,,,,,,,,,,,,,,,,,,,,,,,,,,,,,,,,,,,,,
Soricomorpha,Soricidae,Crocidura,shantungensis,Crocidura shantungensis,-999,-999,,,,,,,,,,,,,,,,,,,,,,,,,,,,,,,,,,,,,,,,,,,,
Soricomorpha,Soricidae,Crocidura,sibirica,Crocidura sibirica,-999,-999,,,,,,,,,,,,,,,,,,,,,,,,,,,,,,,,,,,,,,,,,,,,
Soricomorpha,Soricidae,Crocidura,sicula,Crocidura sicula,-999,-999,,,,,,,,,,,,,,,,,,,,,,,,,,,,,,,,,,,,,,,,,,,,
Soricomorpha,Soricidae,Crocidura,silacea,Crocidura silacea,-999,7,,,,,,,,,,,,,,,,,,,,,,,,,,,,,,,,,,,,,,,,,,,,
Soricomorpha,Soricidae,Crocidura,smithii,Crocidura smithii,-999,-999,,,,,,,,,,,,,,,,,,,,,,,,,,,,,,,,,,,,,,,,,,,,
Soricomorpha,Soricidae,Crocidura,somalica,Crocidura somalica,-999,11.5,,,,,,,,,,,,,,,,,,,,,,,,,,,,,,,,,,,,,,,,,,,,
Soricomorpha,Soricidae,Crocidura,stenocephala,Crocidura stenocephala,-999,-999,,,,,,,,,,,,,,,,,,,,,,,,,,,,,,,,,,,,,,,,,,,,
Soricomorpha,Soricidae,Crocidura,suaveolens,Crocidura suaveolens,2,7.35,,,,,,,,,,,,,,,,,,,,,,,,,,,,,,,,,,,,,,,,,,,,
Soricomorpha,Soricidae,Crocidura,susiana,Crocidura susiana,-999,-999,,,,,,,,,,,,,,,,,,,,,,,,,,,,,,,,,,,,,,,,,,,,
Soricomorpha,Soricidae,Blarina,brevicauda,Blarina brevicauda,1,18.56,,,,,,,,,,,,,,,,,,,,,,,,,,,,,,,,,,,,,,,,,,,,
Rodentia,Sciuridae,Petaurista,alborufus,Petaurista alborufus,-999,1501.95,,,,,,,,,,,,,,,,,,,,,,,,,,,,,,,,,,,,,,,,,,,,
Rodentia,Sciuridae,Petaurista,elegans,Petaurista elegans,1,1040,,,,,,,,,,,,,,,,,,,,,,,,,,,,,,,,,,,,,,,,,,,,
Rodentia,Sciuridae,Petaurista,leucogenys,Petaurista leucogenys,-999,-999,,,,,,,,,,,,,,,,,,,,,,,,,,,,,,,,,,,,,,,,,,,,
Rodentia,Sciuridae,Petaurista,magnificus,Petaurista magnificus,-999,1475.49,,,,,,,,,,,,,,,,,,,,,,,,,,,,,,,,,,,,,,,,,,,,
Rodentia,Sciuridae,Petaurista,nobilis,Petaurista nobilis,-999,-999,,,,,,,,,,,,,,,,,,,,,,,,,,,,,,,,,,,,,,,,,,,,
Rodentia,Sciuridae,Petaurista,petaurista,Petaurista petaurista,1,1533.84,,,,,,,,,,,,,,,,,,,,,,,,,,,,,,,,,,,,,,,,,,,,
Rodentia,Sciuridae,Petaurista,philippensis,Petaurista philippensis,-999,1675.83,,,,,,,,,,,,,,,,,,,,,,,,,,,,,,,,,,,,,,,,,,,,
Rodentia,Sciuridae,Petaurista,xanthotis,Petaurista xanthotis,-999,-999,,,,,,,,,,,,,,,,,,,,,,,,,,,,,,,,,,,,,,,,,,,,
Rodentia,Sciuridae,Petinomys,crinitus,Petinomys crinitus,1,-999,,,,,,,,,,,,,,,,,,,,,,,,,,,,,,,,,,,,,,,,,,,,
Rodentia,Sciuridae,Petinomys,fuscocapillus,Petinomys fuscocapillus,-999,794.5,,,,,,,,,,,,,,,,,,,,,,,,,,,,,,,,,,,,,,,,,,,,
Rodentia,Sciuridae,Petinomys,genibarbis,Petinomys genibarbis,1,108.81,,,,,,,,,,,,,,,,,,,,,,,,,,,,,,,,,,,,,,,,,,,,
Rodentia,Sciuridae,Petinomys,hageni,Petinomys hageni,1,-999,,,,,,,,,,,,,,,,,,,,,,,,,,,,,,,,,,,,,,,,,,,,
Rodentia,Sciuridae,Petinomys,lugens,Petinomys lugens,-999,-999,,,,,,,,,,,,,,,,,,,,,,,,,,,,,,,,,,,,,,,,,,,,
Rodentia,Sciuridae,Petinomys,mindanensis,Petinomys mindanensis,-999,-999,,,,,,,,,,,,,,,,,,,,,,,,,,,,,,,,,,,,,,,,,,,,
Rodentia,Sciuridae,Petinomys,sagitta,Petinomys sagitta,1,49.99,,,,,,,,,,,,,,,,,,,,,,,,,,,,,,,,,,,,,,,,,,,,
Rodentia,Sciuridae,Petinomys,setosus,Petinomys setosus,1,43.85,,,,,,,,,,,,,,,,,,,,,,,,,,,,,,,,,,,,,,,,,,,,
Rodentia,Sciuridae,Petinomys,vordermanni,Petinomys vordermanni,1,36.87,,,,,,,,,,,,,,,,,,,,,,,,,,,,,,,,,,,,,,,,,,,,
Rodentia,Sciuridae,Prosciurillus,abstrusus,Prosciurillus abstrusus,-999,-999,,,,,,,,,,,,,,,,,,,,,,,,,,,,,,,,,,,,,,,,,,,,
Rodentia,Sciuridae,Prosciurillus,leucomus,Prosciurillus leucomus,-999,-999,,,,,,,,,,,,,,,,,,,,,,,,,,,,,,,,,,,,,,,,,,,,
Rodentia,Sciuridae,Prosciurillus,murinus,Prosciurillus murinus,-999,-999,,,,,,,,,,,,,,,,,,,,,,,,,,,,,,,,,,,,,,,,,,,,
Rodentia,Sciuridae,Prosciurillus,rosenbergii,Prosciurillus rosenbergii,-999,-999,,,,,,,,,,,,,,,,,,,,,,,,,,,,,,,,,,,,,,,,,,,,
Rodentia,Sciuridae,Prosciurillus,weberi,Prosciurillus weberi,-999,-999,,,,,,,,,,,,,,,,,,,,,,,,,,,,,,,,,,,,,,,,,,,,
Rodentia,Sciuridae,Pteromys,momonga,Pteromys momonga,-999,-999,,,,,,,,,,,,,,,,,,,,,,,,,,,,,,,,,,,,,,,,,,,,
Rodentia,Sciuridae,Pteromys,volans,Pteromys volans,1,143.09,,,,,,,,,,,,,,,,,,,,,,,,,,,,,,,,,,,,,,,,,,,,
Rodentia,Sciuridae,Pteromyscus,pulverulentus,Pteromyscus pulverulentus,-999,251.3,,,,,,,,,,,,,,,,,,,,,,,,,,,,,,,,,,,,,,,,,,,,
Rodentia,Sciuridae,Protoxerus,aubinnii,Protoxerus aubinnii,-999,427.94,,,,,,,,,,,,,,,,,,,,,,,,,,,,,,,,,,,,,,,,,,,,
Rodentia,Sciuridae,Protoxerus,stangeri,Protoxerus stangeri,3,630.43,,,,,,,,,,,,,,,,,,,,,,,,,,,,,,,,,,,,,,,,,,,,
Rodentia,Sciuridae,Rubrisciurus,rubriventer,Rubrisciurus rubriventer,-999,-999,,,,,,,,,,,,,,,,,,,,,,,,,,,,,,,,,,,,,,,,,,,,
Rodentia,Sciuridae,Ratufa,affinis,Ratufa affinis,-999,1155.82,,,,,,,,,,,,,,,,,,,,,,,,,,,,,,,,,,,,,,,,,,,,
Rodentia,Sciuridae,Ratufa,bicolor,Ratufa bicolor,-999,1609.08,,,,,,,,,,,,,,,,,,,,,,,,,,,,,,,,,,,,,,,,,,,,
Rodentia,Sciuridae,Ratufa,indica,Ratufa indica,-999,1060,,,,,,,,,,,,,,,,,,,,,,,,,,,,,,,,,,,,,,,,,,,,
Rodentia,Sciuridae,Ratufa,macroura,Ratufa macroura,-999,1326.24,,,,,,,,,,,,,,,,,,,,,,,,,,,,,,,,,,,,,,,,,,,,
Rodentia,Sciuridae,Rheithrosciurus,macrotis,Rheithrosciurus macrotis,-999,1353.27,,,,,,,,,,,,,,,,,,,,,,,,,,,,,,,,,,,,,,,,,,,,
Rodentia,Sciuridae,Rhinosciurus,laticaudatus,Rhinosciurus laticaudatus,-999,230.3,,,,,,,,,,,,,,,,,,,,,,,,,,,,,,,,,,,,,,,,,,,,
Rodentia,Sciuridae,Spermophilopsis,leptodactylus,Spermophilopsis leptodactylus,-999,-999,,,,,,,,,,,,,,,,,,,,,,,,,,,,,,,,,,,,,,,,,,,,
Rodentia,Sciuridae,Spermophilus,adocetus,Spermophilus adocetus,-999,155.52,,,,,,,,,,,,,,,,,,,,,,,,,,,,,,,,,,,,,,,,,,,,
Rodentia,Sciuridae,Spermophilus,alashanicus,Spermophilus alashanicus,-999,-999,,,,,,,,,,,,,,,,,,,,,,,,,,,,,,,,,,,,,,,,,,,,
Rodentia,Sciuridae,Spermophilus,annulatus,Spermophilus annulatus,-999,499.99,,,,,,,,,,,,,,,,,,,,,,,,,,,,,,,,,,,,,,,,,,,,
Rodentia,Sciuridae,Spermophilus,armatus,Spermophilus armatus,-999,306.48,,,,,,,,,,,,,,,,,,,,,,,,,,,,,,,,,,,,,,,,,,,,
Rodentia,Sciuridae,Spermophilus,atricapillus,Spermophilus atricapillus,-999,550.99,,,,,,,,,,,,,,,,,,,,,,,,,,,,,,,,,,,,,,,,,,,,
Rodentia,Sciuridae,Spermophilus,beecheyi,Spermophilus beecheyi,-999,597.82,,,,,,,,,,,,,,,,,,,,,,,,,,,,,,,,,,,,,,,,,,,,
Rodentia,Sciuridae,Spermophilus,beldingi,Spermophilus beldingi,3,272.53,,,,,,,,,,,,,,,,,,,,,,,,,,,,,,,,,,,,,,,,,,,,
Rodentia,Sciuridae,Spermophilus,brevicauda,Spermophilus brevicauda,-999,-999,,,,,,,,,,,,,,,,,,,,,,,,,,,,,,,,,,,,,,,,,,,,
Rodentia,Sciuridae,Spermophilus,brunneus,Spermophilus brunneus,-999,300,,,,,,,,,,,,,,,,,,,,,,,,,,,,,,,,,,,,,,,,,,,,
Rodentia,Sciuridae,Spermophilus,canus,Spermophilus canus,-999,-999,,,,,,,,,,,,,,,,,,,,,,,,,,,,,,,,,,,,,,,,,,,,
Rodentia,Sciuridae,Spermophilus,citellus,Spermophilus citellus,3,395.97,,,,,,,,,,,,,,,,,,,,,,,,,,,,,,,,,,,,,,,,,,,,
Rodentia,Sciuridae,Spermophilus,columbianus,Spermophilus columbianus,3,470.94,,,,,,,,,,,,,,,,,,,,,,,,,,,,,,,,,,,,,,,,,,,,
Rodentia,Sciuridae,Spermophilus,dauricus,Spermophilus dauricus,-999,-999,,,,,,,,,,,,,,,,,,,,,,,,,,,,,,,,,,,,,,,,,,,,
Rodentia,Sciuridae,Spermophilus,elegans,Spermophilus elegans,3,324.45,,,,,,,,,,,,,,,,,,,,,,,,,,,,,,,,,,,,,,,,,,,,
Rodentia,Sciuridae,Sciurillus,pusillus,Sciurillus pusillus,3,34.91,,,,,,,,,,,,,,,,,,,,,,,,,,,,,,,,,,,,,,,,,,,,
Rodentia,Sciuridae,Sciurotamias,davidianus,Sciurotamias davidianus,-999,-999,,,,,,,,,,,,,,,,,,,,,,,,,,,,,,,,,,,,,,,,,,,,
Rodentia,Sciuridae,Sciurotamias,forresti,Sciurotamias forresti,-999,-999,,,,,,,,,,,,,,,,,,,,,,,,,,,,,,,,,,,,,,,,,,,,
Rodentia,Sciuridae,Sciurus,aberti,Sciurus aberti,3,622.95,,,,,,,,,,,,,,,,,,,,,,,,,,,,,,,,,,,,,,,,,,,,
Rodentia,Sciuridae,Sciurus,aestuans,Sciurus aestuans,3,177.34,,,,,,,,,,,,,,,,,,,,,,,,,,,,,,,,,,,,,,,,,,,,
Rodentia,Sciuridae,Sciurus,alleni,Sciurus alleni,3,465.14,,,,,,,,,,,,,,,,,,,,,,,,,,,,,,,,,,,,,,,,,,,,
Rodentia,Sciuridae,Sciurus,anomalus,Sciurus anomalus,3,-999,,,,,,,,,,,,,,,,,,,,,,,,,,,,,,,,,,,,,,,,,,,,
Rodentia,Sciuridae,Sciurus,arizonensis,Sciurus arizonensis,3,646.99,,,,,,,,,,,,,,,,,,,,,,,,,,,,,,,,,,,,,,,,,,,,
Rodentia,Sciuridae,Sciurus,aureogaster,Sciurus aureogaster,3,455.57,,,,,,,,,,,,,,,,,,,,,,,,,,,,,,,,,,,,,,,,,,,,
Rodentia,Sciuridae,Sciurus,carolinensis,Sciurus carolinensis,3,545.4,,,,,,,,,,,,,,,,,,,,,,,,,,,,,,,,,,,,,,,,,,,,
Rodentia,Sciuridae,Sciurus,colliaei,Sciurus colliaei,3,498,,,,,,,,,,,,,,,,,,,,,,,,,,,,,,,,,,,,,,,,,,,,
Rodentia,Sciuridae,Sciurus,deppei,Sciurus deppei,3,249.5,,,,,,,,,,,,,,,,,,,,,,,,,,,,,,,,,,,,,,,,,,,,
Rodentia,Sciuridae,Sciurus,flammifer,Sciurus flammifer,3,-999,,,,,,,,,,,,,,,,,,,,,,,,,,,,,,,,,,,,,,,,,,,,
Rodentia,Sciuridae,Sciurus,gilvigularis,Sciurus gilvigularis,3,803,,,,,,,,,,,,,,,,,,,,,,,,,,,,,,,,,,,,,,,,,,,,
Rodentia,Sciuridae,Sciurus,granatensis,Sciurus granatensis,3,318.44,,,,,,,,,,,,,,,,,,,,,,,,,,,,,,,,,,,,,,,,,,,,
Rodentia,Sciuridae,Sciurus,griseus,Sciurus griseus,3,703.85,,,,,,,,,,,,,,,,,,,,,,,,,,,,,,,,,,,,,,,,,,,,
Rodentia,Sciuridae,Sciurus,ignitus,Sciurus ignitus,3,190,,,,,,,,,,,,,,,,,,,,,,,,,,,,,,,,,,,,,,,,,,,,
Rodentia,Sciuridae,Sciurus,igniventris,Sciurus igniventris,3,700,,,,,,,,,,,,,,,,,,,,,,,,,,,,,,,,,,,,,,,,,,,,
Rodentia,Sciuridae,Sciurus,lis,Sciurus lis,3,264.3,,,,,,,,,,,,,,,,,,,,,,,,,,,,,,,,,,,,,,,,,,,,
Rodentia,Sciuridae,Sciurus,nayaritensis,Sciurus nayaritensis,3,697,,,,,,,,,,,,,,,,,,,,,,,,,,,,,,,,,,,,,,,,,,,,
Rodentia,Sciuridae,Sciurus,niger,Sciurus niger,-999,-999,,,,,,,,,,,,,,,,,,,,,,,,,,,,,,,,,,,,,,,,,,,,
Rodentia,Sciuridae,Sciurus,oculatus,Sciurus oculatus,3,649.98,,,,,,,,,,,,,,,,,,,,,,,,,,,,,,,,,,,,,,,,,,,,
Rodentia,Sciuridae,Sciurus,pucheranii,Sciurus pucheranii,3,803,,,,,,,,,,,,,,,,,,,,,,,,,,,,,,,,,,,,,,,,,,,,
Rodentia,Sciuridae,Sciurus,pyrrhinus,Sciurus pyrrhinus,3,482,,,,,,,,,,,,,,,,,,,,,,,,,,,,,,,,,,,,,,,,,,,,
Rodentia,Sciuridae,Sciurus,richmondi,Sciurus richmondi,3,237.51,,,,,,,,,,,,,,,,,,,,,,,,,,,,,,,,,,,,,,,,,,,,
Rodentia,Sciuridae,Sciurus,sanborni,Sciurus sanborni,3,136,,,,,,,,,,,,,,,,,,,,,,,,,,,,,,,,,,,,,,,,,,,,
Rodentia,Sciuridae,Sciurus,spadiceus,Sciurus spadiceus,3,403.32,,,,,,,,,,,,,,,,,,,,,,,,,,,,,,,,,,,,,,,,,,,,
Rodentia,Sciuridae,Sciurus,stramineus,Sciurus stramineus,3,433.3,,,,,,,,,,,,,,,,,,,,,,,,,,,,,,,,,,,,,,,,,,,,
Rodentia,Sciuridae,Sciurus,variegatoides,Sciurus variegatoides,3,485,,,,,,,,,,,,,,,,,,,,,,,,,,,,,,,,,,,,,,,,,,,,
Rodentia,Sciuridae,Sciurus,vulgaris,Sciurus vulgaris,3,333,,,,,,,,,,,,,,,,,,,,,,,,,,,,,,,,,,,,,,,,,,,,
Rodentia,Sciuridae,Sciurus,yucatanensis,Sciurus yucatanensis,3,225,,,,,,,,,,,,,,,,,,,,,,,,,,,,,,,,,,,,,,,,,,,,
Rodentia,Sciuridae,Aeretes,melanopterus,Aeretes melanopterus,-999,-999,,,,,,,,,,,,,,,,,,,,,,,,,,,,,,,,,,,,,,,,,,,,
Rodentia,Sciuridae,Aeromys,tephromelas,Aeromys tephromelas,1,1187,,,,,,,,,,,,,,,,,,,,,,,,,,,,,,,,,,,,,,,,,,,,
Rodentia,Sciuridae,Aeromys,thomasi,Aeromys thomasi,1,1430.19,,,,,,,,,,,,,,,,,,,,,,,,,,,,,,,,,,,,,,,,,,,,
Rodentia,Sciuridae,Spermophilus,erythrogenys,Spermophilus erythrogenys,-999,-999,,,,,,,,,,,,,,,,,,,,,,,,,,,,,,,,,,,,,,,,,,,,
Rodentia,Sciuridae,Spermophilus,franklinii,Spermophilus franklinii,-999,457.64,,,,,,,,,,,,,,,,,,,,,,,,,,,,,,,,,,,,,,,,,,,,
Rodentia,Sciuridae,Spermophilus,fulvus,Spermophilus fulvus,-999,778.38,,,,,,,,,,,,,,,,,,,,,,,,,,,,,,,,,,,,,,,,,,,,
Rodentia,Sciuridae,Spermophilus,lateralis,Spermophilus lateralis,-999,175.1,,,,,,,,,,,,,,,,,,,,,,,,,,,,,,,,,,,,,,,,,,,,
Rodentia,Sciuridae,Spermophilus,madrensis,Spermophilus madrensis,-999,207.12,,,,,,,,,,,,,,,,,,,,,,,,,,,,,,,,,,,,,,,,,,,,
Rodentia,Sciuridae,Spermophilus,major,Spermophilus major,-999,-999,,,,,,,,,,,,,,,,,,,,,,,,,,,,,,,,,,,,,,,,,,,,
Rodentia,Sciuridae,Spermophilus,mexicanus,Spermophilus mexicanus,-999,177.49,,,,,,,,,,,,,,,,,,,,,,,,,,,,,,,,,,,,,,,,,,,,
Rodentia,Sciuridae,Spermophilus,mohavensis,Spermophilus mohavensis,3,213.18,,,,,,,,,,,,,,,,,,,,,,,,,,,,,,,,,,,,,,,,,,,,
Rodentia,Sciuridae,Spermophilus,mollis,Spermophilus mollis,-999,165.4,,,,,,,,,,,,,,,,,,,,,,,,,,,,,,,,,,,,,,,,,,,,
Rodentia,Sciuridae,Spermophilus,musicus,Spermophilus musicus,-999,-999,,,,,,,,,,,,,,,,,,,,,,,,,,,,,,,,,,,,,,,,,,,,
Rodentia,Sciuridae,Spermophilus,pallidicauda,Spermophilus pallidicauda,-999,-999,,,,,,,,,,,,,,,,,,,,,,,,,,,,,,,,,,,,,,,,,,,,
Rodentia,Sciuridae,Spermophilus,parryii,Spermophilus parryii,-999,747.09,,,,,,,,,,,,,,,,,,,,,,,,,,,,,,,,,,,,,,,,,,,,
Rodentia,Sciuridae,Spermophilus,perotensis,Spermophilus perotensis,-999,140,,,,,,,,,,,,,,,,,,,,,,,,,,,,,,,,,,,,,,,,,,,,
Rodentia,Sciuridae,Spermophilus,pygmaeus,Spermophilus pygmaeus,-999,173.46,,,,,,,,,,,,,,,,,,,,,,,,,,,,,,,,,,,,,,,,,,,,
Rodentia,Sciuridae,Spermophilus,ralli,Spermophilus ralli,-999,-999,,,,,,,,,,,,,,,,,,,,,,,,,,,,,,,,,,,,,,,,,,,,
Rodentia,Sciuridae,Spermophilus,relictus,Spermophilus relictus,-999,599.99,,,,,,,,,,,,,,,,,,,,,,,,,,,,,,,,,,,,,,,,,,,,
Rodentia,Sciuridae,Spermophilus,richardsonii,Spermophilus richardsonii,3,325.1,,,,,,,,,,,,,,,,,,,,,,,,,,,,,,,,,,,,,,,,,,,,
Rodentia,Sciuridae,Spermophilus,saturatus,Spermophilus saturatus,-999,-999,,,,,,,,,,,,,,,,,,,,,,,,,,,,,,,,,,,,,,,,,,,,
Rodentia,Sciuridae,Spermophilus,spilosoma,Spermophilus spilosoma,3,106.64,,,,,,,,,,,,,,,,,,,,,,,,,,,,,,,,,,,,,,,,,,,,
Rodentia,Sciuridae,Spermophilus,suslicus,Spermophilus suslicus,-999,252,,,,,,,,,,,,,,,,,,,,,,,,,,,,,,,,,,,,,,,,,,,,
Rodentia,Sciuridae,Spermophilus,tereticaudus,Spermophilus tereticaudus,3,147.57,,,,,,,,,,,,,,,,,,,,,,,,,,,,,,,,,,,,,,,,,,,,
Rodentia,Sciuridae,Spermophilus,townsendii,Spermophilus townsendii,3,207.29,,,,,,,,,,,,,,,,,,,,,,,,,,,,,,,,,,,,,,,,,,,,
Rodentia,Sciuridae,Spermophilus,tridecemlineatus,Spermophilus tridecemlineatus,3,174.91,,,,,,,,,,,,,,,,,,,,,,,,,,,,,,,,,,,,,,,,,,,,
Rodentia,Sciuridae,Spermophilus,undulatus,Spermophilus undulatus,-999,742.91,,,,,,,,,,,,,,,,,,,,,,,,,,,,,,,,,,,,,,,,,,,,
Rodentia,Sciuridae,Spermophilus,variegatus,Spermophilus variegatus,3,714.58,,,,,,,,,,,,,,,,,,,,,,,,,,,,,,,,,,,,,,,,,,,,
Rodentia,Sciuridae,Spermophilus,washingtoni,Spermophilus washingtoni,3,215.09,,,,,,,,,,,,,,,,,,,,,,,,,,,,,,,,,,,,,,,,,,,,
Rodentia,Sciuridae,Spermophilus,xanthoprymnus,Spermophilus xanthoprymnus,-999,-999,,,,,,,,,,,,,,,,,,,,,,,,,,,,,,,,,,,,,,,,,,,,
Rodentia,Sciuridae,Sundasciurus,brookei,Sundasciurus brookei,-999,114.05,,,,,,,,,,,,,,,,,,,,,,,,,,,,,,,,,,,,,,,,,,,,
Rodentia,Sciuridae,Sundasciurus,davensis,Sundasciurus davensis,-999,-999,,,,,,,,,,,,,,,,,,,,,,,,,,,,,,,,,,,,,,,,,,,,
Rodentia,Sciuridae,Sundasciurus,fraterculus,Sundasciurus fraterculus,-999,-999,,,,,,,,,,,,,,,,,,,,,,,,,,,,,,,,,,,,,,,,,,,,
Rodentia,Sciuridae,Sundasciurus,hippurus,Sundasciurus hippurus,-999,357.79,,,,,,,,,,,,,,,,,,,,,,,,,,,,,,,,,,,,,,,,,,,,
Rodentia,Sciuridae,Sundasciurus,hoogstraali,Sundasciurus hoogstraali,-999,-999,,,,,,,,,,,,,,,,,,,,,,,,,,,,,,,,,,,,,,,,,,,,
Rodentia,Sciuridae,Sundasciurus,jentinki,Sundasciurus jentinki,-999,-999,,,,,,,,,,,,,,,,,,,,,,,,,,,,,,,,,,,,,,,,,,,,
Rodentia,Sciuridae,Sundasciurus,juvencus,Sundasciurus juvencus,-999,-999,,,,,,,,,,,,,,,,,,,,,,,,,,,,,,,,,,,,,,,,,,,,
Rodentia,Sciuridae,Sundasciurus,lowii,Sundasciurus lowii,3,84.99,,,,,,,,,,,,,,,,,,,,,,,,,,,,,,,,,,,,,,,,,,,,
Rodentia,Sciuridae,Sundasciurus,mindanensis,Sundasciurus mindanensis,-999,-999,,,,,,,,,,,,,,,,,,,,,,,,,,,,,,,,,,,,,,,,,,,,
Rodentia,Sciuridae,Sundasciurus,moellendorffi,Sundasciurus moellendorffi,-999,-999,,,,,,,,,,,,,,,,,,,,,,,,,,,,,,,,,,,,,,,,,,,,
Rodentia,Sciuridae,Sundasciurus,philippinensis,Sundasciurus philippinensis,-999,-999,,,,,,,,,,,,,,,,,,,,,,,,,,,,,,,,,,,,,,,,,,,,
Rodentia,Sciuridae,Sundasciurus,rabori,Sundasciurus rabori,-999,-999,,,,,,,,,,,,,,,,,,,,,,,,,,,,,,,,,,,,,,,,,,,,
Rodentia,Sciuridae,Sundasciurus,samarensis,Sundasciurus samarensis,-999,225,,,,,,,,,,,,,,,,,,,,,,,,,,,,,,,,,,,,,,,,,,,,
Rodentia,Sciuridae,Sundasciurus,steerii,Sundasciurus steerii,-999,-999,,,,,,,,,,,,,,,,,,,,,,,,,,,,,,,,,,,,,,,,,,,,
Rodentia,Sciuridae,Sundasciurus,tenuis,Sundasciurus tenuis,-999,74.87,,,,,,,,,,,,,,,,,,,,,,,,,,,,,,,,,,,,,,,,,,,,
Rodentia,Sciuridae,Syntheosciurus,brochus,Syntheosciurus brochus,2,-999,,,,,,,,,,,,,,,,,,,,,,,,,,,,,,,,,,,,,,,,,,,,
Rodentia,Sciuridae,Tamias,alpinus,Tamias alpinus,-999,36.54,,,,,,,,,,,,,,,,,,,,,,,,,,,,,,,,,,,,,,,,,,,,
Rodentia,Sciuridae,Tamias,amoenus,Tamias amoenus,-999,50.63,,,,,,,,,,,,,,,,,,,,,,,,,,,,,,,,,,,,,,,,,,,,
Rodentia,Sciuridae,Tamias,bulleri,Tamias bulleri,-999,100,,,,,,,,,,,,,,,,,,,,,,,,,,,,,,,,,,,,,,,,,,,,
Rodentia,Sciuridae,Tamias,canipes,Tamias canipes,-999,70.2,,,,,,,,,,,,,,,,,,,,,,,,,,,,,,,,,,,,,,,,,,,,
Rodentia,Sciuridae,Tamias,cinereicollis,Tamias cinereicollis,-999,61.59,,,,,,,,,,,,,,,,,,,,,,,,,,,,,,,,,,,,,,,,,,,,
Rodentia,Sciuridae,Tamias,dorsalis,Tamias dorsalis,3,63.66,,,,,,,,,,,,,,,,,,,,,,,,,,,,,,,,,,,,,,,,,,,,
Rodentia,Sciuridae,Tamias,durangae,Tamias durangae,-999,84.99,,,,,,,,,,,,,,,,,,,,,,,,,,,,,,,,,,,,,,,,,,,,
Rodentia,Sciuridae,Tamias,merriami,Tamias merriami,3,74.77,,,,,,,,,,,,,,,,,,,,,,,,,,,,,,,,,,,,,,,,,,,,
Rodentia,Sciuridae,Tamias,minimus,Tamias minimus,3,42.87,,,,,,,,,,,,,,,,,,,,,,,,,,,,,,,,,,,,,,,,,,,,
Rodentia,Sciuridae,Tamias,obscurus,Tamias obscurus,3,72.99,,,,,,,,,,,,,,,,,,,,,,,,,,,,,,,,,,,,,,,,,,,,
Rodentia,Sciuridae,Tamias,ochrogenys,Tamias ochrogenys,-999,91.69,,,,,,,,,,,,,,,,,,,,,,,,,,,,,,,,,,,,,,,,,,,,
Rodentia,Sciuridae,Tamias,palmeri,Tamias palmeri,3,60.74,,,,,,,,,,,,,,,,,,,,,,,,,,,,,,,,,,,,,,,,,,,,
Rodentia,Sciuridae,Tamias,panamintinus,Tamias panamintinus,3,51.73,,,,,,,,,,,,,,,,,,,,,,,,,,,,,,,,,,,,,,,,,,,,
Rodentia,Sciuridae,Tamias,quadrimaculatus,Tamias quadrimaculatus,3,83.62,,,,,,,,,,,,,,,,,,,,,,,,,,,,,,,,,,,,,,,,,,,,
Rodentia,Sciuridae,Tamias,quadrivittatus,Tamias quadrivittatus,3,57.49,,,,,,,,,,,,,,,,,,,,,,,,,,,,,,,,,,,,,,,,,,,,
Rodentia,Sciuridae,Tamias,ruficaudus,Tamias ruficaudus,3,60.06,,,,,,,,,,,,,,,,,,,,,,,,,,,,,,,,,,,,,,,,,,,,
Rodentia,Sciuridae,Tamias,rufus,Tamias rufus,3,53.6,,,,,,,,,,,,,,,,,,,,,,,,,,,,,,,,,,,,,,,,,,,,
Rodentia,Sciuridae,Tamias,senex,Tamias senex,3,89.35,,,,,,,,,,,,,,,,,,,,,,,,,,,,,,,,,,,,,,,,,,,,
Rodentia,Sciuridae,Tamias,sibiricus,Tamias sibiricus,-999,94.16,,,,,,,,,,,,,,,,,,,,,,,,,,,,,,,,,,,,,,,,,,,,
Rodentia,Sciuridae,Tamias,siskiyou,Tamias siskiyou,-999,75,,,,,,,,,,,,,,,,,,,,,,,,,,,,,,,,,,,,,,,,,,,,
Rodentia,Sciuridae,Tamias,sonomae,Tamias sonomae,-999,75,,,,,,,,,,,,,,,,,,,,,,,,,,,,,,,,,,,,,,,,,,,,
Rodentia,Sciuridae,Tamias,speciosus,Tamias speciosus,3,60.83,,,,,,,,,,,,,,,,,,,,,,,,,,,,,,,,,,,,,,,,,,,,
Rodentia,Sciuridae,Tamias,striatus,Tamias striatus,-999,-999,,,,,,,,,,,,,,,,,,,,,,,,,,,,,,,,,,,,,,,,,,,,
Rodentia,Sciuridae,Tamias,townsendii,Tamias townsendii,3,79.12,,,,,,,,,,,,,,,,,,,,,,,,,,,,,,,,,,,,,,,,,,,,
Rodentia,Sciuridae,Tamias,umbrinus,Tamias umbrinus,-999,51.75,,,,,,,,,,,,,,,,,,,,,,,,,,,,,,,,,,,,,,,,,,,,
Rodentia,Sciuridae,Tamiasciurus,douglasii,Tamiasciurus douglasii,3,225,,,,,,,,,,,,,,,,,,,,,,,,,,,,,,,,,,,,,,,,,,,,
Rodentia,Sciuridae,Tamiasciurus,hudsonicus,Tamiasciurus hudsonicus,3,200.24,,,,,,,,,,,,,,,,,,,,,,,,,,,,,,,,,,,,,,,,,,,,
Rodentia,Sciuridae,Tamiasciurus,mearnsi,Tamiasciurus mearnsi,-999,-999,,,,,,,,,,,,,,,,,,,,,,,,,,,,,,,,,,,,,,,,,,,,
Rodentia,Sciuridae,Tamiops,maritimus,Tamiops maritimus,-999,66.77,,,,,,,,,,,,,,,,,,,,,,,,,,,,,,,,,,,,,,,,,,,,
Rodentia,Sciuridae,Tamiops,mcclellandii,Tamiops mcclellandii,-999,45.84,,,,,,,,,,,,,,,,,,,,,,,,,,,,,,,,,,,,,,,,,,,,
Rodentia,Sciuridae,Tamiops,rodolphii,Tamiops rodolphii,-999,-999,,,,,,,,,,,,,,,,,,,,,,,,,,,,,,,,,,,,,,,,,,,,
Rodentia,Sciuridae,Tamiops,swinhoei,Tamiops swinhoei,-999,-999,,,,,,,,,,,,,,,,,,,,,,,,,,,,,,,,,,,,,,,,,,,,
Rodentia,Sciuridae,Ammospermophilus,harrisii,Ammospermophilus harrisii,3,126.57,,,,,,,,,,,,,,,,,,,,,,,,,,,,,,,,,,,,,,,,,,,,
Rodentia,Sciuridae,Ammospermophilus,insularis,Ammospermophilus insularis,-999,-999,,,,,,,,,,,,,,,,,,,,,,,,,,,,,,,,,,,,,,,,,,,,
Rodentia,Sciuridae,Ammospermophilus,interpres,Ammospermophilus interpres,3,112.53,,,,,,,,,,,,,,,,,,,,,,,,,,,,,,,,,,,,,,,,,,,,
Rodentia,Sciuridae,Ammospermophilus,leucurus,Ammospermophilus leucurus,3,103.92,,,,,,,,,,,,,,,,,,,,,,,,,,,,,,,,,,,,,,,,,,,,
Rodentia,Sciuridae,Ammospermophilus,nelsoni,Ammospermophilus nelsoni,3,160.42,,,,,,,,,,,,,,,,,,,,,,,,,,,,,,,,,,,,,,,,,,,,
Rodentia,Sciuridae,Trogopterus,xanthipes,Trogopterus xanthipes,-999,-999,,,,,,,,,,,,,,,,,,,,,,,,,,,,,,,,,,,,,,,,,,,,
Rodentia,Sciuridae,Xerus,erythropus,Xerus erythropus,-999,602.23,,,,,,,,,,,,,,,,,,,,,,,,,,,,,,,,,,,,,,,,,,,,
Rodentia,Sciuridae,Xerus,inauris,Xerus inauris,3,572.6,,,,,,,,,,,,,,,,,,,,,,,,,,,,,,,,,,,,,,,,,,,,
Rodentia,Sciuridae,Xerus,princeps,Xerus princeps,3,624.9,,,,,,,,,,,,,,,,,,,,,,,,,,,,,,,,,,,,,,,,,,,,
Rodentia,Sciuridae,Xerus,rutilus,Xerus rutilus,3,316.96,,,,,,,,,,,,,,,,,,,,,,,,,,,,,,,,,,,,,,,,,,,,
Primates,Atelidae,Ateles,belzebuth,Ateles belzebuth,3,6692.42,,,,,,,,,,,,,,,,,,,,,,,,,,,,,,,,,,,,,,,,,,,,
Primates,Atelidae,Ateles,chamek,Ateles chamek,3,7053.92,,,,,,,,,,,,,,,,,,,,,,,,,,,,,,,,,,,,,,,,,,,,
Primates,Atelidae,Ateles,fusciceps,Ateles fusciceps,3,9067.94,,,,,,,,,,,,,,,,,,,,,,,,,,,,,,,,,,,,,,,,,,,,
Primates,Atelidae,Ateles,geoffroyi,Ateles geoffroyi,3,7582.4,,,,,,,,,,,,,,,,,,,,,,,,,,,,,,,,,,,,,,,,,,,,
Primates,Atelidae,Ateles,hybridus,Ateles hybridus,-999,-999,,,,,,,,,,,,,,,,,,,,,,,,,,,,,,,,,,,,,,,,,,,,
Primates,Atelidae,Ateles,marginatus,Ateles marginatus,3,6229.28,,,,,,,,,,,,,,,,,,,,,,,,,,,,,,,,,,,,,,,,,,,,
Primates,Atelidae,Ateles,paniscus,Ateles paniscus,3,8697.25,,,,,,,,,,,,,,,,,,,,,,,,,,,,,,,,,,,,,,,,,,,,
Primates,Atelidae,Brachyteles,arachnoides,Brachyteles arachnoides,3,10537.31,,,,,,,,,,,,,,,,,,,,,,,,,,,,,,,,,,,,,,,,,,,,
Primates,Atelidae,Brachyteles,hypoxanthus,Brachyteles hypoxanthus,3,-999,,,,,,,,,,,,,,,,,,,,,,,,,,,,,,,,,,,,,,,,,,,,
Primates,Atelidae,Lagothrix,cana,Lagothrix cana,-999,-999,,,,,,,,,,,,,,,,,,,,,,,,,,,,,,,,,,,,,,,,,,,,
Primates,Atelidae,Lagothrix,lagotricha,Lagothrix lagotricha,3,6263.69,,,,,,,,,,,,,,,,,,,,,,,,,,,,,,,,,,,,,,,,,,,,
Primates,Atelidae,Lagothrix,lugens,Lagothrix lugens,-999,-999,,,,,,,,,,,,,,,,,,,,,,,,,,,,,,,,,,,,,,,,,,,,
Primates,Atelidae,Lagothrix,poeppigii,Lagothrix poeppigii,-999,-999,,,,,,,,,,,,,,,,,,,,,,,,,,,,,,,,,,,,,,,,,,,,
Primates,Atelidae,Oreonax,flavicauda,Oreonax flavicauda,3,8229.12,,,,,,,,,,,,,,,,,,,,,,,,,,,,,,,,,,,,,,,,,,,,
Primates,Atelidae,Alouatta,belzebul,Alouatta belzebul,3,6157.91,,,,,,,,,,,,,,,,,,,,,,,,,,,,,,,,,,,,,,,,,,,,
Primates,Atelidae,Alouatta,caraya,Alouatta caraya,3,5576.96,,,,,,,,,,,,,,,,,,,,,,,,,,,,,,,,,,,,,,,,,,,,
Primates,Atelidae,Alouatta,coibensis,Alouatta coibensis,3,-999,,,,,,,,,,,,,,,,,,,,,,,,,,,,,,,,,,,,,,,,,,,,
Primates,Atelidae,Alouatta,guariba,Alouatta guariba,3,5188.33,,,,,,,,,,,,,,,,,,,,,,,,,,,,,,,,,,,,,,,,,,,,
Primates,Atelidae,Alouatta,macconnelli,Alouatta macconnelli,-999,-999,,,,,,,,,,,,,,,,,,,,,,,,,,,,,,,,,,,,,,,,,,,,
Primates,Atelidae,Alouatta,nigerrima,Alouatta nigerrima,-999,-999,,,,,,,,,,,,,,,,,,,,,,,,,,,,,,,,,,,,,,,,,,,,
Primates,Atelidae,Alouatta,palliata,Alouatta palliata,3,6576.99,,,,,,,,,,,,,,,,,,,,,,,,,,,,,,,,,,,,,,,,,,,,
Primates,Atelidae,Alouatta,pigra,Alouatta pigra,3,7172.06,,,,,,,,,,,,,,,,,,,,,,,,,,,,,,,,,,,,,,,,,,,,
Primates,Atelidae,Alouatta,sara,Alouatta sara,3,6611.04,,,,,,,,,,,,,,,,,,,,,,,,,,,,,,,,,,,,,,,,,,,,
Primates,Atelidae,Alouatta,seniculus,Alouatta seniculus,3,6398.31,,,,,,,,,,,,,,,,,,,,,,,,,,,,,,,,,,,,,,,,,,,,
Chiroptera,Vespertilionidae,Myotis,altarium,Myotis altarium,-999,11,,,,,,,,,,,,,,,,,,,,,,,,,,,,,,,,,,,,,,,,,,,,
Chiroptera,Vespertilionidae,Myotis,anjouanensis,Myotis anjouanensis,-999,-999,,,,,,,,,,,,,,,,,,,,,,,,,,,,,,,,,,,,,,,,,,,,
Chiroptera,Vespertilionidae,Myotis,annamiticus,Myotis annamiticus,-999,-999,,,,,,,,,,,,,,,,,,,,,,,,,,,,,,,,,,,,,,,,,,,,
Chiroptera,Vespertilionidae,Myotis,annectans,Myotis annectans,-999,9.75,,,,,,,,,,,,,,,,,,,,,,,,,,,,,,,,,,,,,,,,,,,,
Chiroptera,Vespertilionidae,Myotis,atacamensis,Myotis atacamensis,-999,-999,,,,,,,,,,,,,,,,,,,,,,,,,,,,,,,,,,,,,,,,,,,,
Chiroptera,Vespertilionidae,Myotis,ater,Myotis ater,-999,-999,,,,,,,,,,,,,,,,,,,,,,,,,,,,,,,,,,,,,,,,,,,,
Chiroptera,Vespertilionidae,Myotis,auriculus,Myotis auriculus,-999,38.04,,,,,,,,,,,,,,,,,,,,,,,,,,,,,,,,,,,,,,,,,,,,
Chiroptera,Vespertilionidae,Myotis,australis,Myotis australis,-999,-999,,,,,,,,,,,,,,,,,,,,,,,,,,,,,,,,,,,,,,,,,,,,
Chiroptera,Vespertilionidae,Myotis,austroriparius,Myotis austroriparius,-999,7.35,,,,,,,,,,,,,,,,,,,,,,,,,,,,,,,,,,,,,,,,,,,,
Chiroptera,Vespertilionidae,Myotis,bechsteinii,Myotis bechsteinii,-999,9.47,,,,,,,,,,,,,,,,,,,,,,,,,,,,,,,,,,,,,,,,,,,,
Chiroptera,Vespertilionidae,Myotis,blythii,Myotis blythii,-999,23.82,,,,,,,,,,,,,,,,,,,,,,,,,,,,,,,,,,,,,,,,,,,,
Chiroptera,Vespertilionidae,Myotis,bocagii,Myotis bocagii,-999,7.93,,,,,,,,,,,,,,,,,,,,,,,,,,,,,,,,,,,,,,,,,,,,
Chiroptera,Vespertilionidae,Myotis,bombinus,Myotis bombinus,-999,-999,,,,,,,,,,,,,,,,,,,,,,,,,,,,,,,,,,,,,,,,,,,,
Chiroptera,Vespertilionidae,Myotis,brandtii,Myotis brandtii,-999,5.3,,,,,,,,,,,,,,,,,,,,,,,,,,,,,,,,,,,,,,,,,,,,
Chiroptera,Vespertilionidae,Myotis,bucharensis,Myotis bucharensis,-999,-999,,,,,,,,,,,,,,,,,,,,,,,,,,,,,,,,,,,,,,,,,,,,
Chiroptera,Vespertilionidae,Myotis,californicus,Myotis californicus,-999,4.39,,,,,,,,,,,,,,,,,,,,,,,,,,,,,,,,,,,,,,,,,,,,
Chiroptera,Vespertilionidae,Myotis,capaccinii,Myotis capaccinii,-999,8.15,,,,,,,,,,,,,,,,,,,,,,,,,,,,,,,,,,,,,,,,,,,,
Chiroptera,Vespertilionidae,Myotis,chiloensis,Myotis chiloensis,-999,-999,,,,,,,,,,,,,,,,,,,,,,,,,,,,,,,,,,,,,,,,,,,,
Chiroptera,Vespertilionidae,Myotis,chinensis,Myotis chinensis,-999,41.99,,,,,,,,,,,,,,,,,,,,,,,,,,,,,,,,,,,,,,,,,,,,
Chiroptera,Vespertilionidae,Myotis,ciliolabrum,Myotis ciliolabrum,-999,4.89,,,,,,,,,,,,,,,,,,,,,,,,,,,,,,,,,,,,,,,,,,,,
Chiroptera,Vespertilionidae,Myotis,cobanensis,Myotis cobanensis,-999,-999,,,,,,,,,,,,,,,,,,,,,,,,,,,,,,,,,,,,,,,,,,,,
Chiroptera,Vespertilionidae,Myotis,csorbai,Myotis csorbai,-999,-999,,,,,,,,,,,,,,,,,,,,,,,,,,,,,,,,,,,,,,,,,,,,
Chiroptera,Vespertilionidae,Myotis,dasycneme,Myotis dasycneme,-999,15.16,,,,,,,,,,,,,,,,,,,,,,,,,,,,,,,,,,,,,,,,,,,,
Chiroptera,Vespertilionidae,Myotis,daubentonii,Myotis daubentonii,-999,7.63,,,,,,,,,,,,,,,,,,,,,,,,,,,,,,,,,,,,,,,,,,,,
Chiroptera,Vespertilionidae,Myotis,davidii,Myotis davidii,-999,-999,,,,,,,,,,,,,,,,,,,,,,,,,,,,,,,,,,,,,,,,,,,,
Chiroptera,Vespertilionidae,Myotis,dominicensis,Myotis dominicensis,-999,-999,,,,,,,,,,,,,,,,,,,,,,,,,,,,,,,,,,,,,,,,,,,,
Chiroptera,Vespertilionidae,Myotis,elegans,Myotis elegans,-999,4.21,,,,,,,,,,,,,,,,,,,,,,,,,,,,,,,,,,,,,,,,,,,,
Chiroptera,Vespertilionidae,Myotis,emarginatus,Myotis emarginatus,-999,7.56,,,,,,,,,,,,,,,,,,,,,,,,,,,,,,,,,,,,,,,,,,,,
Chiroptera,Vespertilionidae,Myotis,evotis,Myotis evotis,-999,6.91,,,,,,,,,,,,,,,,,,,,,,,,,,,,,,,,,,,,,,,,,,,,
Chiroptera,Vespertilionidae,Myotis,fimbriatus,Myotis fimbriatus,-999,-999,,,,,,,,,,,,,,,,,,,,,,,,,,,,,,,,,,,,,,,,,,,,
Chiroptera,Vespertilionidae,Myotis,findleyi,Myotis findleyi,-999,-999,,,,,,,,,,,,,,,,,,,,,,,,,,,,,,,,,,,,,,,,,,,,
Chiroptera,Vespertilionidae,Myotis,formosus,Myotis formosus,-999,7.07,,,,,,,,,,,,,,,,,,,,,,,,,,,,,,,,,,,,,,,,,,,,
Chiroptera,Vespertilionidae,Myotis,fortidens,Myotis fortidens,-999,4.37,,,,,,,,,,,,,,,,,,,,,,,,,,,,,,,,,,,,,,,,,,,,
Chiroptera,Vespertilionidae,Myotis,frater,Myotis frater,-999,7.54,,,,,,,,,,,,,,,,,,,,,,,,,,,,,,,,,,,,,,,,,,,,
Chiroptera,Vespertilionidae,Myotis,gomantongensis,Myotis gomantongensis,-999,-999,,,,,,,,,,,,,,,,,,,,,,,,,,,,,,,,,,,,,,,,,,,,
Chiroptera,Vespertilionidae,Myotis,goudoti,Myotis goudoti,-999,5.56,,,,,,,,,,,,,,,,,,,,,,,,,,,,,,,,,,,,,,,,,,,,
Chiroptera,Vespertilionidae,Myotis,grisescens,Myotis grisescens,1,10.84,,,,,,,,,,,,,,,,,,,,,,,,,,,,,,,,,,,,,,,,,,,,
Chiroptera,Vespertilionidae,Myotis,hajastanicus,Myotis hajastanicus,-999,-999,,,,,,,,,,,,,,,,,,,,,,,,,,,,,,,,,,,,,,,,,,,,
Chiroptera,Vespertilionidae,Myotis,hasseltii,Myotis hasseltii,-999,8.7,,,,,,,,,,,,,,,,,,,,,,,,,,,,,,,,,,,,,,,,,,,,
Chiroptera,Vespertilionidae,Myotis,hermani,Myotis hermani,-999,-999,,,,,,,,,,,,,,,,,,,,,,,,,,,,,,,,,,,,,,,,,,,,
Chiroptera,Vespertilionidae,Myotis,horsfieldii,Myotis horsfieldii,-999,6.05,,,,,,,,,,,,,,,,,,,,,,,,,,,,,,,,,,,,,,,,,,,,
Chiroptera,Vespertilionidae,Myotis,hosonoi,Myotis hosonoi,-999,-999,,,,,,,,,,,,,,,,,,,,,,,,,,,,,,,,,,,,,,,,,,,,
Chiroptera,Vespertilionidae,Myotis,ikonnikovi,Myotis ikonnikovi,-999,-999,,,,,,,,,,,,,,,,,,,,,,,,,,,,,,,,,,,,,,,,,,,,
Chiroptera,Vespertilionidae,Myotis,insularum,Myotis insularum,-999,-999,,,,,,,,,,,,,,,,,,,,,,,,,,,,,,,,,,,,,,,,,,,,
Chiroptera,Vespertilionidae,Myotis,keaysi,Myotis keaysi,-999,5.45,,,,,,,,,,,,,,,,,,,,,,,,,,,,,,,,,,,,,,,,,,,,
Chiroptera,Vespertilionidae,Myotis,keenii,Myotis keenii,-999,6.51,,,,,,,,,,,,,,,,,,,,,,,,,,,,,,,,,,,,,,,,,,,,
Chiroptera,Vespertilionidae,Myotis,laniger,Myotis laniger,-999,-999,,,,,,,,,,,,,,,,,,,,,,,,,,,,,,,,,,,,,,,,,,,,
Chiroptera,Vespertilionidae,Myotis,leibii,Myotis leibii,-999,5.22,,,,,,,,,,,,,,,,,,,,,,,,,,,,,,,,,,,,,,,,,,,,
Chiroptera,Vespertilionidae,Myotis,levis,Myotis levis,-999,5.49,,,,,,,,,,,,,,,,,,,,,,,,,,,,,,,,,,,,,,,,,,,,
Chiroptera,Vespertilionidae,Myotis,longipes,Myotis longipes,-999,-999,,,,,,,,,,,,,,,,,,,,,,,,,,,,,,,,,,,,,,,,,,,,
Chiroptera,Vespertilionidae,Myotis,lucifugus,Myotis lucifugus,-999,7.8,,,,,,,,,,,,,,,,,,,,,,,,,,,,,,,,,,,,,,,,,,,,
Chiroptera,Vespertilionidae,Myotis,macrodactylus,Myotis macrodactylus,-999,7.48,,,,,,,,,,,,,,,,,,,,,,,,,,,,,,,,,,,,,,,,,,,,
Chiroptera,Vespertilionidae,Myotis,macropus,Myotis macropus,-999,-999,,,,,,,,,,,,,,,,,,,,,,,,,,,,,,,,,,,,,,,,,,,,
Chiroptera,Vespertilionidae,Myotis,macrotarsus,Myotis macrotarsus,-999,12.64,,,,,,,,,,,,,,,,,,,,,,,,,,,,,,,,,,,,,,,,,,,,
Chiroptera,Vespertilionidae,Myotis,martiniquensis,Myotis martiniquensis,-999,-999,,,,,,,,,,,,,,,,,,,,,,,,,,,,,,,,,,,,,,,,,,,,
Chiroptera,Vespertilionidae,Myotis,melanorhinus,Myotis melanorhinus,-999,-999,,,,,,,,,,,,,,,,,,,,,,,,,,,,,,,,,,,,,,,,,,,,
Chiroptera,Vespertilionidae,Myotis,moluccarum,Myotis moluccarum,-999,-999,,,,,,,,,,,,,,,,,,,,,,,,,,,,,,,,,,,,,,,,,,,,
Chiroptera,Vespertilionidae,Myotis,montivagus,Myotis montivagus,-999,8.3,,,,,,,,,,,,,,,,,,,,,,,,,,,,,,,,,,,,,,,,,,,,
Chiroptera,Vespertilionidae,Myotis,morrisi,Myotis morrisi,-999,-999,,,,,,,,,,,,,,,,,,,,,,,,,,,,,,,,,,,,,,,,,,,,
Chiroptera,Vespertilionidae,Myotis,muricola,Myotis muricola,-999,4.8,,,,,,,,,,,,,,,,,,,,,,,,,,,,,,,,,,,,,,,,,,,,
Chiroptera,Vespertilionidae,Myotis,myotis,Myotis myotis,-999,25.59,,,,,,,,,,,,,,,,,,,,,,,,,,,,,,,,,,,,,,,,,,,,
Chiroptera,Vespertilionidae,Myotis,mystacinus,Myotis mystacinus,-999,-999,,,,,,,,,,,,,,,,,,,,,,,,,,,,,,,,,,,,,,,,,,,,
Chiroptera,Vespertilionidae,Myotis,nattereri,Myotis nattereri,-999,7.25,,,,,,,,,,,,,,,,,,,,,,,,,,,,,,,,,,,,,,,,,,,,
Chiroptera,Vespertilionidae,Myotis,nesopolus,Myotis nesopolus,-999,3.56,,,,,,,,,,,,,,,,,,,,,,,,,,,,,,,,,,,,,,,,,,,,
Chiroptera,Vespertilionidae,Myotis,nigricans,Myotis nigricans,-999,-999,,,,,,,,,,,,,,,,,,,,,,,,,,,,,,,,,,,,,,,,,,,,
Chiroptera,Vespertilionidae,Myotis,nipalensis,Myotis nipalensis,-999,-999,,,,,,,,,,,,,,,,,,,,,,,,,,,,,,,,,,,,,,,,,,,,
Chiroptera,Vespertilionidae,Myotis,occultus,Myotis occultus,-999,8.79,,,,,,,,,,,,,,,,,,,,,,,,,,,,,,,,,,,,,,,,,,,,
Chiroptera,Vespertilionidae,Myotis,oreias,Myotis oreias,-999,-999,,,,,,,,,,,,,,,,,,,,,,,,,,,,,,,,,,,,,,,,,,,,
Chiroptera,Vespertilionidae,Myotis,oxygnathus,Myotis oxygnathus,-999,21.23,,,,,,,,,,,,,,,,,,,,,,,,,,,,,,,,,,,,,,,,,,,,
Chiroptera,Vespertilionidae,Myotis,oxyotus,Myotis oxyotus,-999,5.65,,,,,,,,,,,,,,,,,,,,,,,,,,,,,,,,,,,,,,,,,,,,
Chiroptera,Vespertilionidae,Myotis,ozensis,Myotis ozensis,-999,-999,,,,,,,,,,,,,,,,,,,,,,,,,,,,,,,,,,,,,,,,,,,,
Chiroptera,Vespertilionidae,Myotis,peninsularis,Myotis peninsularis,-999,-999,,,,,,,,,,,,,,,,,,,,,,,,,,,,,,,,,,,,,,,,,,,,
Chiroptera,Vespertilionidae,Myotis,pequinius,Myotis pequinius,-999,-999,,,,,,,,,,,,,,,,,,,,,,,,,,,,,,,,,,,,,,,,,,,,
Chiroptera,Vespertilionidae,Myotis,planiceps,Myotis planiceps,-999,-999,,,,,,,,,,,,,,,,,,,,,,,,,,,,,,,,,,,,,,,,,,,,
Chiroptera,Vespertilionidae,Myotis,pruinosus,Myotis pruinosus,-999,-999,,,,,,,,,,,,,,,,,,,,,,,,,,,,,,,,,,,,,,,,,,,,
Chiroptera,Vespertilionidae,Myotis,punicus,Myotis punicus,-999,-999,,,,,,,,,,,,,,,,,,,,,,,,,,,,,,,,,,,,,,,,,,,,
Chiroptera,Vespertilionidae,Myotis,ricketti,Myotis ricketti,-999,-999,,,,,,,,,,,,,,,,,,,,,,,,,,,,,,,,,,,,,,,,,,,,
Chiroptera,Vespertilionidae,Myotis,ridleyi,Myotis ridleyi,-999,4.06,,,,,,,,,,,,,,,,,,,,,,,,,,,,,,,,,,,,,,,,,,,,